Day,RevealDate,DateLabel,Weekday,WeekArc,DailyThemeEN,DailyThemeAR,SocialEN,SocialAR,SocialSource,PhysicalEN,PhysicalAR,PhysicalSource,FinancialEN,FinancialAR,FinancialSource,MentalEN,MentalAR,MentalSource,Status,SentDateTime,RunID
1,2026-08-03,3 Aug,Mon,W1 · I See You,Use Their Name,استخدم اسمه,Use Their Name - Greet one colleague by name today.,استخدم اسمه - حيِّ زميلاً واحداً باسمه اليوم.,#1,Stand and stretch for one minute before your next task.,قِف وتمدّد لمدة دقيقة قبل مهمتك التالية.,draft,Note one small expense you can plan for this week.,دوّن مصروفاً بسيطاً يمكنك التخطيط له هذا الأسبوع.,draft,Take three slow breaths before you start.,خذ ثلاثة أنفاس بطيئة قبل أن تبدأ.,draft,Scheduled,,
2,2026-08-04,4 Aug,Tue,W1 · I See You,Cross the Circle,وسّع دائرة التواصل,Cross the Circle - Greet someone outside your usual team or department.,وسّع دائرة التواصل - حيِّ شخصاً من خارج فريقك أو قسمك المعتاد.,#21,Take the stairs or a short walk between tasks.,اصعد الدرج أو امشِ قليلاً بين المهام.,draft,Check one subscription you no longer use.,راجع اشتراكاً واحداً لم تعد تستخدمه.,draft,Set one clear intention for your day.,حدّد نيّة واضحة واحدة ليومك.,draft,Scheduled,,
3,2026-08-05,5 Aug,Wed,W1 · I See You,Notice Someone New,لاحظ شخصاً جديداً,Notice Someone New - Acknowledge a colleague you do not normally speak with.,لاحظ شخصاً جديداً - أظهر التقدير لزميل لا تتحدث معه عادةً.,#24,Roll your shoulders back slowly five times.,أدِر كتفيك للخلف ببطء خمس مرات.,draft,Set aside a small amount toward a simple goal.,خصّص مبلغاً صغيراً لهدف بسيط.,draft,Pause for thirty seconds between tasks.,توقّف ثلاثين ثانية بين المهام.,draft,Scheduled,,
4,2026-08-06,6 Aug,Thu,W1 · I See You,Make the Welcome Real,اجعل الترحيب حقيقياً,"Make the Welcome Real - Welcome someone beginning a shift, joining a meeting, or entering your work area.",اجعل الترحيب حقيقياً - رحّب بمن يبدأ مناوبته أو ينضم إلى اجتماع أو يدخل منطقة عملك.,#41,Drink a glass of water now.,اشرب كوب ماء الآن.,draft,Compare prices before one purchase today.,قارن الأسعار قبل عملية شراء واحدة اليوم.,draft,Name one thing you're grateful for now.,اذكر أمراً واحداً تشعر بالامتنان له الآن.,draft,Scheduled,,
5,2026-08-07,7 Aug,Fri,W1 · I See You,End with Warmth,اختم يومك بودّ,"End with Warmth - Before your day or shift ends, wish one colleague well.",اختم يومك بودّ - قبل نهاية يومك أو مناوبتك، تمنَّ الخير لزميل.,#20,Rest your eyes: look far away for twenty seconds.,أرِح عينيك: انظر إلى مكان بعيد لمدة عشرين ثانية.,draft,Write down one financial goal for the month.,اكتب هدفاً مالياً واحداً لهذا الشهر.,draft,Give one task your full attention.,امنح مهمة واحدة كامل انتباهك.,draft,Scheduled,,
6,2026-08-10,10 Aug,Mon,W2 · I Appreciate You,Make It Specific,كن محدداً,Make It Specific - Thank one colleague for a specific action and explain why it helped.,كن محدداً - اشكر زميلاً على عمل محدد واشرح كيف أحدث فرقاً.,#3,Straighten your posture and unclench your jaw.,اعتدل في جلستك وأرخِ فكّك.,draft,Try a no-spend moment: pause one small buy.,جرّب لحظة بلا إنفاق: أجّل عملية شراء صغيرة.,draft,Notice a tense muscle and let it soften.,لاحظ عضلة متوترة ودعها تسترخي.,draft,Scheduled,,
7,2026-08-11,11 Aug,Tue,W2 · I Appreciate You,Recognize the Effort,قدّر الجهد,"Recognize the Effort - Appreciate someone’s effort, even if the work is still in progress.",قدّر الجهد - عبّر عن تقديرك لجهد شخص حتى لو كان العمل لا يزال مستمراً.,#83,Take a two-minute walk to reset your energy.,امشِ دقيقتين لتجديد طاقتك.,draft,Review one bill for anything unexpected.,راجع فاتورة واحدة بحثاً عن أي مبلغ غير متوقع.,draft,Take a mindful break away from screens.,خذ استراحة واعية بعيداً عن الشاشات.,draft,Scheduled,,
8,2026-08-12,12 Aug,Wed,W2 · I Appreciate You,Send It,أرسلها,Send It - Message a colleague who made your work easier this week.,أرسلها - ابعث رسالة لزميل جعل عملك أسهل هذا الأسبوع.,#4,Loosen your neck with gentle side-to-side stretches.,أرخِ رقبتك بتمدد لطيف يميناً ويساراً.,draft,Plan tomorrow's spending before it happens.,خطّط لمصروف الغد قبل حدوثه.,draft,Speak to yourself as kindly as to a friend.,تحدّث إلى نفسك بلطف كما تخاطب صديقاً.,draft,Scheduled,,
9,2026-08-13,13 Aug,Thu,W2 · I Appreciate You,Pass It On,انقلها إليه,"Pass It On - If you hear positive feedback about a colleague, make sure they receive it.",انقلها إليه - إذا سمعت إشادة بزميل، فتأكد من وصولها إليه.,#64,Refill your water bottle and keep it close.,أعد ملء زجاجة الماء واجعلها قريبة منك.,draft,Learn one new thing about budgeting today.,تعلّم شيئاً جديداً عن إدارة الميزانية اليوم.,draft,Write down what's on your mind to clear it.,اكتب ما يشغل بالك لتصفّي ذهنك.,draft,Scheduled,,
10,2026-08-14,14 Aug,Fri,W2 · I Appreciate You,Finish with Appreciation,اختم بالتقدير,Finish with Appreciation - Tell one colleague what you valued about working with them this week.,اختم بالتقدير - أخبر زميلاً بما قدّرته في العمل معه هذا الأسبوع.,#46,Stand up during your next phone call or reading.,قِف أثناء مكالمتك أو قراءتك القادمة.,draft,Separate a want from a need before buying.,ميّز بين الرغبة والحاجة قبل الشراء.,draft,Let one small task be good enough today.,دع مهمة صغيرة تكون جيدة بما يكفي اليوم.,draft,Scheduled,,
11,2026-08-17,17 Aug,Mon,W3 · I Hear You,Two Minutes of Attention,دقيقتان من الاهتمام,Two Minutes of Attention - Give one colleague your full attention without checking another screen or task.,دقيقتان من الاهتمام - امنح زميلاً كامل انتباهك دون الانشغال بشاشة أو مهمة أخرى.,#126,"Take three slow, deep breaths to steady your body.",خذ ثلاثة أنفاس عميقة بطيئة لتهدئة جسمك.,draft,Track today's small spends for awareness.,تتبّع مصروفاتك الصغيرة اليوم لزيادة الوعي.,draft,Focus on what's within your control right now.,ركّز على ما هو ضمن سيطرتك الآن.,draft,Scheduled,,
12,2026-08-18,18 Aug,Tue,W3 · I Hear You,Let Them Finish,دعه يكمل,"Let Them Finish - In one conversation today, consciously avoid interrupting.",دعه يكمل - تجنّب المقاطعة بوعي في محادثة واحدة اليوم.,#128,Stretch your wrists and hands between tasks.,مدّد معصميك ويديك بين المهام.,draft,Set a simple reminder for an upcoming payment.,اضبط تذكيراً بسيطاً لدفعة قادمة.,draft,Take a breath before replying to that message.,خذ نفَساً قبل الرد على تلك الرسالة.,draft,Scheduled,,
13,2026-08-19,19 Aug,Wed,W3 · I Hear You,Ask One More Question,اسأل سؤالاً إضافياً,Ask One More Question - Ask a genuine follow-up question to understand a colleague’s perspective.,اسأل سؤالاً إضافياً - اطرح سؤال متابعة حقيقياً لفهم وجهة نظر زميلك.,#143,Take a short movement break away from your screen.,خذ استراحة حركة قصيرة بعيداً عن الشاشة.,draft,Consider a smart swap that saves a little.,فكّر في بديل ذكي يوفّر القليل.,draft,Step to a window for a short mental reset.,اتّجه إلى نافذة لإعادة ضبط ذهنك قليلاً.,draft,Scheduled,,
14,2026-08-20,20 Aug,Thu,W3 · I Hear You,Listen Before Solving,استمع قبل أن تقترح حلاً,"Listen Before Solving - Ask: “Would you like a suggestion, or would you prefer me to listen?”",استمع قبل أن تقترح حلاً - اسأل: «هل تود اقتراحاً أم تفضّل أن أستمع؟»,#139,Choose a healthy snack or fruit today.,اختر وجبة خفيفة صحية أو فاكهة اليوم.,draft,Read one saving tip from a trusted source.,اقرأ نصيحة واحدة عن الادخار من مصدر موثوق.,draft,Acknowledge one thing you did well today.,اعترف بأمر واحد أتقنته اليوم.,draft,Scheduled,,
15,2026-08-21,21 Aug,Fri,W3 · I Hear You,Check Your Understanding,تحقق من فهمك,Check Your Understanding - End one important conversation with: “Have I understood you correctly?”,تحقق من فهمك - اختم محادثة مهمة بسؤال: «هل فهمتك بشكل صحيح؟»,#144,Walk while you talk when you can.,امشِ أثناء حديثك عندما يمكنك ذلك.,draft,Reflect on one money habit that helps you.,تأمّل عادة مالية واحدة تفيدك.,draft,Protect a few minutes of quiet focus.,احمِ بضع دقائق من التركيز الهادئ.,draft,Scheduled,,
16,2026-08-24,24 Aug,Mon,W4 · I Support You,Offer Something Practical,قدّم دعماً عملياً,Offer Something Practical - Ask one colleague: “Is there anything practical I can do to help today?”,قدّم دعماً عملياً - اسأل زميلاً: «هل هناك شيء عملي يمكنني مساعدتك فيه اليوم؟»,#53,Give your eyes a screen break for one minute.,امنح عينيك استراحة من الشاشة لمدة دقيقة.,draft,Plan a low-cost way to enjoy your week.,خطّط لطريقة ممتعة وقليلة التكلفة لأسبوعك.,draft,Notice your feelings without judging them.,لاحظ مشاعرك دون أن تُصدر عليها أحكاماً.,draft,Scheduled,,
17,2026-08-25,25 Aug,Tue,W4 · I Support You,Check In Afterwards,تابع بعد الموقف,"Check In Afterwards - Check in with someone after a demanding shift, meeting, or interaction.",تابع بعد الموقف - اطمئن على شخص بعد مناوبة أو اجتماع أو موقف صعب.,#212,Stretch your back gently by reaching forward.,مدّد ظهرك بلطف بالانحناء إلى الأمام.,draft,Check progress toward one savings goal.,تحقّق من تقدّمك نحو هدف ادخار واحد.,draft,Let go of one worry you cannot control.,تخلَّ عن قلق واحد لا يمكنك التحكم فيه.,draft,Scheduled,,
18,2026-08-26,26 Aug,Wed,W4 · I Support You,Open the Circle,افتح الدائرة,"Open the Circle - Invite a colleague to join a break, conversation, or team moment when appropriate.",افتح الدائرة - ادعُ زميلاً للانضمام إلى استراحة أو محادثة أو لحظة جماعية عندما يكون ذلك مناسباً.,#55,Drink water before you feel thirsty in the heat.,اشرب الماء قبل أن تشعر بالعطش في الحر.,draft,Avoid one impulse purchase today.,تجنّب عملية شراء اندفاعية واحدة اليوم.,draft,Finish one task fully before starting another.,أنهِ مهمة واحدة تماماً قبل بدء أخرى.,draft,Scheduled,,
19,2026-08-27,27 Aug,Thu,W4 · I Support You,Make Space for a Voice,أفسح المجال لصوت آخر,Make Space for a Voice - Notice whose perspective may be missing and invite it respectfully.,أفسح المجال لصوت آخر - لاحظ وجهة النظر الغائبة وادعُ صاحبها للمشاركة باحترام.,#224,Take a mindful pause to stand and breathe.,خذ وقفة واعية لتقف وتتنفس.,draft,Notice one thing you're glad you didn't overspend on.,دوّن أمراً تشعر بالامتنان لأنك لم تُفرط في الإنفاق عليه.,draft,Give yourself permission to pause and rest.,اسمح لنفسك بالتوقف والراحة.,draft,Scheduled,,
20,2026-08-28,28 Aug,Fri,W4 · I Support You,Make Someone’s Day Easier,اجعل يوم شخص أسهل,Make Someone’s Day Easier - Take one practical action that reduces an avoidable burden for a colleague or another department.,اجعل يوم شخص أسهل - قم بخطوة عملية تقلل عبئاً يمكن تجنبه عن زميل أو قسم آخر.,#121,Add one extra short walk to your day.,أضف نزهة قصيرة إضافية إلى يومك.,draft,"Review the week's spending calmly, without judgment.",راجع مصروفات الأسبوع بهدوء ودون إصدار أحكام.,draft,Reflect on one moment that went well this week.,تأمّل لحظة واحدة سارت على ما يُرام هذا الأسبوع.,draft,Scheduled,,
21,2026-08-31,31 Aug,Mon,FINALE · We Are Connected,Make It Last,اجعلها عادة مستمرة,Make It Last - Choose one August connection behavior to continue in September. Team photo challenge: show us what “One AHD” means to you.,اجعلها عادة مستمرة - اختر سلوكاً واحداً من سلوكيات التواصل في أغسطس لتستمر عليه في سبتمبر. تحدي صورة الفريق: شاركونا معنى «AHD واحد».,finale,Choose one movement habit to keep in September.,اختر عادة حركة واحدة لتستمر عليها في سبتمبر.,draft,Choose one money habit to keep in September.,اختر عادة مالية واحدة لتستمر عليها في سبتمبر.,draft,Choose one calm habit to keep in September.,اختر عادة هدوء واحدة لتستمر عليها في سبتمبر.,draft,Scheduled,,
